khipu_id,cord_id,method,predicted_value,parent_value,num_siblings,confidence
1000000,3000015,constraint_summation,10.0,10.0,0,high
1000003,3000088,constraint_summation,100.0,100.0,0,high
1000003,3000090,constraint_summation,36.0,36.0,0,high
1000005,3000317,constraint_summation,84.0,84.0,0,high
1000005,3000318,constraint_summation,52.0,52.0,0,high
1000005,3000319,constraint_summation,47.0,47.0,0,high
1000005,3000320,constraint_summation,15.0,15.0,0,high
1000005,3000321,constraint_summation,70.0,70.0,0,high
1000005,3000322,constraint_summation,70.0,70.0,0,high
1000005,3000323,constraint_summation,59.0,59.0,0,high
1000005,3000324,constraint_summation,9.0,9.0,0,high
1000005,3000326,constraint_summation,149.0,149.0,0,high
1000006,3000375,constraint_summation,1.0,1.0,0,high
1000006,3000378,constraint_summation,1.0,1.0,0,high
1000006,3000381,constraint_summation,1.0,1.0,0,high
1000006,3000388,constraint_summation,1.0,1.0,0,high
1000006,3000393,constraint_summation,1.0,1.0,0,high
1000006,3000394,constraint_summation,1.0,1.0,0,high
1000006,3000395,constraint_summation,10.0,10.0,0,high
1000006,3000397,constraint_summation,2.0,2.0,0,high
1000006,3000398,constraint_summation,2.0,2.0,0,high
1000006,3000403,constraint_summation,1.0,1.0,0,high
1000007,3000607,constraint_summation,14.0,14.0,0,high
1000007,3000628,constraint_summation,81.0,81.0,0,high
1000007,3000696,constraint_summation,25.0,25.0,0,high
1000007,3000699,constraint_summation,31.0,31.0,0,high
1000007,3000600,constraint_summation,214.0,259.0,1,high
1000007,3000604,constraint_summation,18.0,66.0,3,high
1000007,3000641,constraint_summation,31.0,66.0,1,high
1000007,3000647,constraint_summation,62.0,76.0,1,high
1000007,3000596,constraint_summation,168.0,259.0,3,high
1000009,3000864,constraint_summation,49.0,49.0,0,high
1000009,3000886,constraint_summation,9.0,9.0,0,high
1000009,3000887,constraint_summation,36.0,36.0,0,high
1000009,3000888,constraint_summation,9.0,9.0,0,high
1000009,3000889,constraint_summation,26.0,26.0,0,high
1000009,3000890,constraint_summation,1.0,1.0,0,high
1000009,3000884,constraint_summation,40.0,49.0,1,high
1000009,3000915,constraint_summation,9.0,9.0,0,high
1000009,3000918,constraint_summation,1.0,1.0,0,high
1000009,3000920,constraint_summation,9.0,9.0,0,high
1000009,3000932,constraint_summation,81.0,81.0,0,high
1000009,3000933,constraint_summation,10.0,10.0,0,high
1000009,3000934,constraint_summation,104.0,104.0,0,high
1000009,3000935,constraint_summation,125.0,125.0,0,high
1000010,3001002,constraint_summation,50.0,50.0,0,high
1000010,3001003,constraint_summation,10.0,10.0,0,high
1000010,3001016,constraint_summation,769.0,769.0,0,high
1000012,3001143,constraint_summation,24.0,24.0,0,high
1000012,3001147,constraint_summation,54.0,54.0,0,high
1000012,3001148,constraint_summation,56.0,56.0,0,high
1000012,3001158,constraint_summation,49.0,49.0,0,high
1000015,3001281,constraint_summation,30.0,30.0,0,high
1000015,3001282,constraint_summation,40.0,40.0,0,high
1000017,3001537,constraint_summation,28.0,28.0,0,high
1000017,3001539,constraint_summation,36.0,36.0,0,high
1000018,3001775,constraint_summation,49.0,49.0,0,high
1000018,3001778,constraint_summation,49.0,49.0,0,high
1000018,3001780,constraint_summation,49.0,49.0,0,high
1000018,3001786,constraint_summation,9.0,9.0,0,high
1000018,3001787,constraint_summation,0.0,1.0,1,high
1000018,3001799,constraint_summation,34.0,35.0,1,high
1000018,3001805,constraint_summation,24.0,24.0,0,high
1000018,3001811,constraint_summation,9.0,9.0,0,high
1000018,3001820,constraint_summation,25.0,25.0,0,high
1000018,3001825,constraint_summation,25.0,25.0,0,high
1000018,3001826,constraint_summation,4.0,4.0,0,high
1000018,3001838,constraint_summation,19.0,19.0,0,high
1000018,3001840,constraint_summation,1.0,1.0,0,high
1000018,3001841,constraint_summation,64.0,64.0,0,high
1000018,3001842,constraint_summation,9.0,9.0,0,high
1000018,3001857,constraint_summation,11.0,11.0,0,high
1000018,3001859,constraint_summation,81.0,81.0,0,high
1000018,3001860,constraint_summation,16.0,16.0,0,high
1000018,3001861,constraint_summation,9.0,9.0,0,high
1000018,3001862,constraint_summation,9.0,9.0,0,high
1000018,3001868,constraint_summation,70.0,74.0,1,high
1000018,3001870,constraint_summation,9.0,9.0,0,high
1000018,3001872,constraint_summation,59.0,59.0,0,high
1000018,3001873,constraint_summation,14.0,14.0,0,high
1000018,3001875,constraint_summation,26.0,26.0,0,high
1000018,3001876,constraint_summation,1.0,1.0,0,high
1000018,3001878,constraint_summation,1.0,1.0,0,high
1000018,3001880,constraint_summation,8.0,9.0,1,high
1000018,3001892,constraint_summation,10.0,10.0,0,high
1000018,3001899,constraint_summation,66.0,66.0,0,high
1000018,3001900,constraint_summation,89.0,89.0,0,high
1000018,3001906,constraint_summation,25.0,25.0,0,high
1000018,3001917,constraint_summation,3.0,4.0,1,high
1000018,3001931,constraint_summation,25.0,25.0,0,high
1000018,3001938,constraint_summation,4.0,4.0,0,high
1000018,3001939,constraint_summation,25.0,25.0,0,high
1000018,3001952,constraint_summation,49.0,49.0,0,high
1000018,3001980,constraint_summation,1.0,1.0,0,high
1000018,3001785,constraint_summation,5.0,9.0,1,high
1000018,3001847,constraint_summation,8.0,9.0,1,high
1000018,3001795,constraint_summation,58.0,86.0,2,high
1000018,3001885,constraint_summation,9.0,9.0,0,high
1000020,3002686,constraint_summation,3.0,4.0,1,high
1000020,3002727,constraint_summation,1.0,1.0,0,high
1000020,3036769,constraint_summation,1.0,1.0,0,high
1000020,3036737,constraint_summation,0.0,1.0,1,high
1000020,3036837,constraint_summation,3.0,4.0,2,high
1000020,3036864,constraint_summation,16.0,16.0,0,high
1000020,3036865,constraint_summation,1.0,1.0,0,high
1000020,3036967,constraint_summation,16.0,16.0,0,high
1000020,3002701,constraint_summation,1.0,1.0,0,high
1000020,3036719,constraint_summation,1.0,1.0,0,high
1000021,3002644,constraint_summation,4.0,4.0,0,high
1000023,3004843,constraint_summation,1.0,1.0,0,high
1000023,3004847,constraint_summation,114.0,114.0,0,high
1000023,3004949,constraint_summation,46.0,50.0,1,high
1000024,3004343,constraint_summation,1.0,1.0,0,high
1000024,3004356,constraint_summation,9.0,9.0,0,high
1000024,3004359,constraint_summation,9.0,9.0,0,high
1000024,3004373,constraint_summation,1.0,1.0,0,high
1000024,3004374,constraint_summation,1.0,1.0,0,high
1000024,3004375,constraint_summation,1.0,1.0,0,high
1000024,3004318,constraint_summation,1.0,1.0,0,high
1000025,3004266,constraint_summation,1.0,1.0,0,high
1000026,3004976,constraint_summation,64.0,64.0,0,high
1000027,3004992,constraint_summation,1.0,1.0,0,high
1000027,3004993,constraint_summation,1.0,1.0,0,high
1000027,3004996,constraint_summation,1.0,1.0,0,high
1000027,3022148,constraint_summation,1.0,1.0,0,high
1000028,3005016,constraint_summation,4.0,4.0,0,high
1000028,3005017,constraint_summation,16.0,16.0,0,high
1000028,3005015,constraint_summation,0.0,1.0,1,high
1000028,3005019,constraint_summation,15.0,16.0,1,high
1000029,3005279,constraint_summation,4.0,4.0,0,high
1000029,3005317,constraint_summation,0.0,4.0,1,high
1000029,3005325,constraint_summation,82.0,82.0,0,high
1000029,3005326,constraint_summation,82.0,82.0,0,high
1000029,3005328,constraint_summation,16.0,82.0,1,high
1000030,3005287,constraint_summation,65.0,65.0,0,high
1000032,3005392,constraint_summation,128.0,129.0,1,high
1000032,3005394,constraint_summation,186.0,235.0,2,high
1000032,3005417,constraint_summation,197.0,221.0,1,high
1000032,3005440,constraint_summation,766.0,766.0,0,high
1000032,3005442,constraint_summation,771.0,929.0,2,high
1000032,3005473,constraint_summation,1534.0,1534.0,0,high
1000032,3005474,constraint_summation,886.0,886.0,0,high
1000032,3005425,constraint_summation,1011.0,1246.0,2,high
1000033,3005532,constraint_summation,1.0,1.0,0,high
1000033,3005533,constraint_summation,4.0,4.0,0,high
1000033,3005535,constraint_summation,16.0,16.0,0,high
1000033,3005536,constraint_summation,25.0,25.0,0,high
1000033,3005539,constraint_summation,1.0,1.0,0,high
1000033,3005542,constraint_summation,4.0,4.0,0,high
1000033,3005543,constraint_summation,1.0,1.0,0,high
1000033,3005544,constraint_summation,2.0,2.0,0,high
1000034,3005614,constraint_summation,81.0,81.0,0,high
1000035,3005667,constraint_summation,36.0,36.0,0,high
1000035,3005668,constraint_summation,10.0,10.0,0,high
1000035,3005670,constraint_summation,10.0,10.0,0,high
1000035,3005671,constraint_summation,10.0,10.0,0,high
1000035,3005672,constraint_summation,14.0,14.0,0,high
1000037,3005734,constraint_summation,16.0,26.0,1,high
1000037,3005737,constraint_summation,75.0,79.0,1,high
1000045,3006392,constraint_summation,16.0,16.0,0,high
1000045,3006397,constraint_summation,19.0,19.0,0,high
1000045,3006429,constraint_summation,10.0,10.0,0,high
1000045,3006437,constraint_summation,10.0,10.0,0,high
1000045,3006428,constraint_summation,55.0,56.0,1,high
1000047,3006522,constraint_summation,224.0,224.0,0,high
1000047,3006523,constraint_summation,336.0,336.0,0,high
1000058,3007316,constraint_summation,16.0,16.0,0,high
1000060,3007363,constraint_summation,1.0,1.0,0,high
1000079,3008424,constraint_summation,1595.0,1595.0,0,high
1000079,3008425,constraint_summation,359.0,359.0,0,high
1000079,3008426,constraint_summation,380.0,380.0,0,high
1000079,3008427,constraint_summation,629.0,629.0,0,high
1000079,3008428,constraint_summation,256.0,256.0,0,high
1000079,3008435,constraint_summation,10.0,10.0,0,high
1000079,3008436,constraint_summation,10.0,10.0,0,high
1000079,3008437,constraint_summation,10.0,10.0,0,high
1000079,3008438,constraint_summation,20.0,20.0,0,high
1000083,3008625,constraint_summation,14.0,14.0,0,high
1000083,3008626,constraint_summation,20.0,20.0,0,high
1000083,3008627,constraint_summation,14.0,14.0,0,high
1000083,3008628,constraint_summation,20.0,20.0,0,high
1000083,3008631,constraint_summation,20.0,20.0,0,high
1000083,3008632,constraint_summation,14.0,14.0,0,high
1000083,3008630,constraint_summation,13.0,14.0,1,high
1000083,3008674,constraint_summation,40.0,60.0,1,high
1000089,3009353,constraint_summation,56.0,56.0,0,high
1000089,3009354,constraint_summation,94.0,94.0,0,high
1000089,3009357,constraint_summation,74.0,74.0,0,high
1000089,3009365,constraint_summation,76.0,76.0,0,high
1000089,3009366,constraint_summation,39.0,39.0,0,high
1000089,3009367,constraint_summation,49.0,49.0,0,high
1000089,3009375,constraint_summation,9.0,9.0,0,high
1000089,3009376,constraint_summation,59.0,59.0,0,high
1000089,3009377,constraint_summation,75.0,75.0,0,high
1000089,3009378,constraint_summation,44.0,44.0,0,high
1000089,3009386,constraint_summation,54.0,54.0,0,high
1000089,3009387,constraint_summation,129.0,129.0,0,high
1000089,3009388,constraint_summation,85.0,85.0,0,high
1000089,3009389,constraint_summation,65.0,65.0,0,high
1000089,3009390,constraint_summation,194.0,194.0,0,high
1000089,3009391,constraint_summation,96.0,96.0,0,high
1000089,3009392,constraint_summation,55.0,55.0,0,high
1000089,3009406,constraint_summation,69.0,69.0,0,high
1000089,3009407,constraint_summation,69.0,69.0,0,high
1000089,3009408,constraint_summation,46.0,46.0,0,high
1000089,3009415,constraint_summation,71.0,71.0,0,high
1000089,3009416,constraint_summation,35.0,35.0,0,high
1000089,3009417,constraint_summation,46.0,46.0,0,high
1000089,3009418,constraint_summation,89.0,89.0,0,high
1000089,3009425,constraint_summation,40.0,40.0,0,high
1000089,3009426,constraint_summation,65.0,65.0,0,high
1000089,3009427,constraint_summation,39.0,39.0,0,high
1000089,3009428,constraint_summation,46.0,46.0,0,high
1000089,3009429,constraint_summation,50.0,50.0,0,high
1000089,3009430,constraint_summation,85.0,85.0,0,high
1000089,3009432,constraint_summation,101.0,101.0,0,high
1000089,3009433,constraint_summation,89.0,89.0,0,high
1000089,3009435,constraint_summation,46.0,46.0,0,high
1000089,3009436,constraint_summation,46.0,46.0,0,high
1000089,3009437,constraint_summation,29.0,29.0,0,high
1000089,3009438,constraint_summation,56.0,56.0,0,high
1000089,3009444,constraint_summation,106.0,106.0,0,high
1000089,3009445,constraint_summation,39.0,39.0,0,high
1000089,3009454,constraint_summation,111.0,111.0,0,high
1000089,3009455,constraint_summation,50.0,50.0,0,high
1000089,3009464,constraint_summation,31.0,31.0,0,high
1000089,3009465,constraint_summation,39.0,39.0,0,high
1000089,3009474,constraint_summation,69.0,69.0,0,high
1000089,3009475,constraint_summation,31.0,31.0,0,high
1000089,3009476,constraint_summation,55.0,55.0,0,high
1000089,3009481,constraint_summation,91.0,91.0,0,high
1000089,3009484,constraint_summation,95.0,95.0,0,high
1000089,3009485,constraint_summation,46.0,46.0,0,high
1000094,3009816,constraint_summation,21.0,21.0,0,high
1000094,3009831,constraint_summation,46.0,46.0,0,high
1000094,3009838,constraint_summation,55.0,64.0,1,high
1000094,3009842,constraint_summation,31.0,31.0,0,high
1000094,3009847,constraint_summation,29.0,29.0,0,high
1000094,3009848,constraint_summation,68.0,69.0,1,high
1000094,3009850,constraint_summation,56.0,65.0,1,high
1000094,3009865,constraint_summation,60.0,60.0,0,high
1000096,3012141,constraint_summation,379.0,506.0,3,high
1000096,3012219,constraint_summation,66.0,66.0,0,high
1000096,3012222,constraint_summation,85.0,86.0,1,high
1000096,3012228,constraint_summation,28.0,29.0,1,high
1000096,3012235,constraint_summation,9.0,9.0,0,high
1000096,3012264,constraint_summation,39.0,39.0,0,high
1000096,3012266,constraint_summation,570.0,590.0,1,high
1000096,3012332,constraint_summation,51.0,51.0,0,high
1000096,3012127,constraint_summation,170.0,179.0,1,high
1000096,3012140,constraint_summation,64.0,68.0,1,high
1000096,3012280,constraint_summation,15.0,35.0,1,high
1000096,3012328,constraint_summation,80.0,100.0,1,high
1000096,3012288,constraint_summation,0.0,0.0,0,high
1000097,3012362,constraint_summation,134.0,134.0,0,high
1000097,3012365,constraint_summation,214.0,214.0,0,high
1000097,3012376,constraint_summation,56.0,90.0,1,high
1000097,3012373,constraint_summation,138.0,139.0,1,high
1000097,3012382,constraint_summation,45.0,81.0,1,high
1000097,3012380,constraint_summation,1.0,1.0,0,high
1000097,3012370,constraint_summation,803.0,804.0,1,high
1000103,3013021,constraint_summation,15.0,16.0,1,high
1000103,3013025,constraint_summation,1.0,1.0,0,high
1000103,3013026,constraint_summation,1.0,1.0,0,high
1000103,3013046,constraint_summation,3.0,4.0,1,high
1000103,3013051,constraint_summation,4.0,4.0,0,high
1000103,3013063,constraint_summation,0.0,1.0,1,high
1000103,3013073,constraint_summation,1.0,1.0,0,high
1000103,3013074,constraint_summation,4.0,4.0,0,high
1000103,3013095,constraint_summation,9.0,9.0,0,high
1000103,3013118,constraint_summation,4.0,4.0,0,high
1000103,3013125,constraint_summation,4.0,4.0,0,high
1000103,3013135,constraint_summation,4.0,4.0,0,high
1000115,3013488,constraint_summation,126.0,126.0,0,high
1000115,3013489,constraint_summation,91.0,91.0,0,high
1000115,3013491,constraint_summation,90.0,90.0,0,high
1000115,3013493,constraint_summation,151.0,151.0,0,high
1000117,3013531,constraint_summation,9.0,9.0,0,high
1000117,3013532,constraint_summation,64.0,64.0,0,high
1000121,3013834,constraint_summation,26.0,26.0,0,high
1000121,3013837,constraint_summation,36.0,36.0,0,high
1000125,3014020,constraint_summation,75.0,75.0,0,high
1000125,3014022,constraint_summation,65.0,116.0,1,high
1000127,3014178,constraint_summation,307.0,334.0,2,high
1000130,3014248,constraint_summation,9.0,9.0,0,high
1000144,3015002,constraint_summation,350.0,350.0,0,high
1000144,3015001,constraint_summation,30.0,30.0,0,high
1000146,3015102,constraint_summation,16.0,16.0,0,high
1000147,3015347,constraint_summation,14.0,14.0,0,high
1000147,3015370,constraint_summation,9.0,9.0,0,high
1000147,3015390,constraint_summation,36.0,36.0,0,high
1000147,3015393,constraint_summation,25.0,25.0,0,high
1000147,3015395,constraint_summation,16.0,16.0,0,high
1000147,3015397,constraint_summation,4.0,4.0,0,high
1000147,3015401,constraint_summation,4.0,4.0,0,high
1000147,3015403,constraint_summation,4.0,4.0,0,high
1000147,3015405,constraint_summation,36.0,36.0,0,high
1000147,3015409,constraint_summation,9.0,9.0,0,high
1000147,3015411,constraint_summation,9.0,9.0,0,high
1000147,3015412,constraint_summation,10.0,10.0,0,high
1000147,3015419,constraint_summation,59.0,59.0,0,high
1000147,3015421,constraint_summation,10.0,10.0,0,high
1000147,3015423,constraint_summation,10.0,10.0,0,high
1000147,3015426,constraint_summation,64.0,64.0,0,high
1000147,3015429,constraint_summation,10.0,10.0,0,high
1000147,3015430,constraint_summation,19.0,19.0,0,high
1000147,3015431,constraint_summation,25.0,25.0,0,high
1000147,3015437,constraint_summation,70.0,70.0,0,high
1000147,3015439,constraint_summation,50.0,50.0,0,high
1000147,3015381,constraint_summation,37.0,164.0,2,high
1000147,3015408,constraint_summation,36.0,36.0,0,high
1000147,3015417,constraint_summation,14.0,14.0,0,high
1000147,3015350,constraint_summation,16.0,26.0,1,high
1000147,3015368,constraint_summation,65.0,65.0,0,high
1000148,3015718,constraint_summation,59.0,59.0,0,high
1000148,3015719,constraint_summation,69.0,69.0,0,high
1000148,3015724,constraint_summation,14.0,14.0,0,high
1000148,3015725,constraint_summation,99.0,99.0,0,high
1000148,3015726,constraint_summation,20.0,20.0,0,high
1000148,3015714,constraint_summation,51.0,60.0,1,high
1000148,3015739,constraint_summation,4.0,4.0,0,high
1000152,3015844,constraint_summation,126.0,126.0,0,high
1000152,3015848,constraint_summation,29.0,30.0,1,high
1000156,3016012,constraint_summation,130.0,130.0,0,high
1000156,3016014,constraint_summation,75.0,75.0,0,high
1000158,3016050,constraint_summation,9.0,9.0,0,high
1000158,3016052,constraint_summation,16.0,17.0,1,high
1000159,3016100,constraint_summation,36.0,36.0,0,high
1000159,3016105,constraint_summation,0.0,1.0,1,high
1000159,3016111,constraint_summation,4.0,4.0,0,high
1000159,3016116,constraint_summation,1.0,1.0,0,high
1000162,3016157,constraint_summation,36.0,36.0,0,high
1000162,3016158,constraint_summation,36.0,36.0,0,high
1000162,3016159,constraint_summation,4.0,4.0,0,high
1000162,3016167,constraint_summation,1.0,1.0,0,high
1000164,3016272,constraint_summation,66.0,66.0,0,high
1000170,3016448,constraint_summation,1.0,1.0,0,high
1000170,3016450,constraint_summation,1.0,1.0,0,high
1000170,3016451,constraint_summation,0.0,4.0,1,high
1000170,3016453,constraint_summation,4.0,4.0,0,high
1000170,3016454,constraint_summation,0.0,4.0,1,high
1000170,3016456,constraint_summation,4.0,4.0,0,high
1000178,3016636,constraint_summation,26.0,26.0,0,high
1000178,3016637,constraint_summation,36.0,36.0,0,high
1000178,3016647,constraint_summation,49.0,49.0,0,high
1000180,3016762,constraint_summation,9.0,9.0,0,high
1000180,3016763,constraint_summation,1.0,1.0,0,high
1000180,3016767,constraint_summation,11.0,11.0,0,high
1000180,3016768,constraint_summation,9.0,9.0,0,high
1000180,3016772,constraint_summation,30.0,30.0,0,high
1000180,3016773,constraint_summation,25.0,25.0,0,high
1000180,3016777,constraint_summation,36.0,36.0,0,high
1000180,3016781,constraint_summation,36.0,36.0,0,high
1000188,3017225,constraint_summation,4.0,4.0,0,high
1000188,3017226,constraint_summation,4.0,4.0,0,high
1000188,3017227,constraint_summation,1.0,1.0,0,high
1000188,3017230,constraint_summation,36.0,36.0,0,high
1000188,3017232,constraint_summation,9.0,9.0,0,high
1000188,3017236,constraint_summation,1.0,1.0,0,high
1000188,3017238,constraint_summation,1.0,1.0,0,high
1000188,3017240,constraint_summation,1.0,1.0,0,high
1000192,3017342,constraint_summation,64.0,64.0,0,high
1000192,3017343,constraint_summation,64.0,64.0,0,high
1000192,3017344,constraint_summation,9.0,9.0,0,high
1000192,3017336,constraint_summation,60.0,64.0,1,high
1000192,3017340,constraint_summation,77.0,81.0,1,high
1000197,3017416,constraint_summation,3.0,3.0,0,high
1000197,3017417,constraint_summation,1.0,1.0,0,high
1000197,3017418,constraint_summation,4.0,4.0,0,high
1000197,3017419,constraint_summation,36.0,36.0,0,high
1000197,3017421,constraint_summation,25.0,25.0,0,high
1000197,3017422,constraint_summation,10.0,10.0,0,high
1000197,3017423,constraint_summation,9.0,9.0,0,high
1000197,3017424,constraint_summation,9.0,9.0,0,high
1000197,3017425,constraint_summation,1.0,1.0,0,high
1000197,3017429,constraint_summation,16.0,16.0,0,high
1000197,3017433,constraint_summation,16.0,16.0,0,high
1000198,3017575,constraint_summation,106.0,110.0,1,high
1000198,3017591,constraint_summation,32.0,32.0,0,high
1000198,3017630,constraint_summation,4.0,4.0,0,high
1000198,3017635,constraint_summation,4.0,4.0,0,high
1000198,3017636,constraint_summation,4.0,4.0,0,high
1000198,3017643,constraint_summation,32.0,32.0,0,high
1000198,3017653,constraint_summation,4.0,4.0,0,high
1000198,3017674,constraint_summation,1.0,1.0,0,high
1000198,3017675,constraint_summation,9.0,9.0,0,high
1000198,3017676,constraint_summation,9.0,9.0,0,high
1000198,3017555,constraint_summation,32.0,36.0,1,high
1000198,3017691,constraint_summation,1.0,1.0,0,high
1000201,3017909,constraint_summation,16.0,16.0,0,high
1000201,3017910,constraint_summation,10.0,10.0,0,high
1000201,3018051,constraint_summation,2585.0,2585.0,0,high
1000201,3017896,constraint_summation,776.0,1034.0,2,high
1000208,3018060,constraint_summation,85.0,85.0,0,high
1000214,3018287,constraint_summation,29.0,29.0,0,high
1000214,3018292,constraint_summation,28.0,42.0,1,high
1000216,3018401,constraint_summation,9.0,9.0,0,high
1000222,3018376,constraint_summation,151.0,161.0,1,high
1000223,3018426,constraint_summation,74.0,74.0,0,high
1000223,3018427,constraint_summation,16.0,16.0,0,high
1000223,3018428,constraint_summation,25.0,25.0,0,high
1000223,3018429,constraint_summation,84.0,84.0,0,high
1000227,3018500,constraint_summation,64.0,64.0,0,high
1000227,3018502,constraint_summation,1.0,1.0,0,high
1000227,3018507,constraint_summation,1.0,1.0,0,high
1000236,3019074,constraint_summation,26.0,26.0,0,high
1000236,3019076,constraint_summation,30.0,30.0,0,high
1000238,3019461,constraint_summation,193.0,334.0,5,high
1000238,3019472,constraint_summation,480.0,581.0,3,high
1000238,3019487,constraint_summation,246.0,246.0,0,high
1000238,3019468,constraint_summation,254.0,290.0,1,high
1000238,3019506,constraint_summation,267.0,269.0,2,high
1000239,3019585,constraint_summation,4.0,4.0,0,high
1000239,3019586,constraint_summation,49.0,49.0,0,high
1000239,3019587,constraint_summation,104.0,104.0,0,high
1000239,3019588,constraint_summation,64.0,64.0,0,high
1000245,3019810,constraint_summation,1.0,1.0,0,high
1000263,3020594,constraint_summation,14.0,14.0,0,high
1000265,3020763,constraint_summation,906.0,906.0,0,high
1000270,3021139,constraint_summation,34.0,44.0,2,high
1000270,3021143,constraint_summation,176.0,176.0,0,high
1000270,3021160,constraint_summation,160.0,164.0,1,high
1000270,3021137,constraint_summation,101.0,160.0,1,high
1000271,3021280,constraint_summation,4.0,4.0,0,high
1000271,3021263,constraint_summation,16.0,25.0,1,high
1000271,3021279,constraint_summation,15.0,16.0,1,high
1000273,3021690,constraint_summation,1.0,1.0,0,high
1000273,3021699,constraint_summation,1.0,1.0,0,high
1000273,3021714,constraint_summation,26.0,26.0,0,high
1000273,3021716,constraint_summation,19.0,19.0,0,high
1000273,3021717,constraint_summation,56.0,56.0,0,high
1000273,3021718,constraint_summation,11.0,11.0,0,high
1000273,3052186,constraint_summation,35.0,35.0,0,high
1000274,3021831,constraint_summation,35.0,36.0,1,high
1000274,3021834,constraint_summation,24.0,25.0,1,high
1000274,3021837,constraint_summation,45.0,49.0,1,high
1000274,3021839,constraint_summation,24.0,25.0,1,high
1000274,3021842,constraint_summation,16.0,16.0,0,high
1000274,3021829,constraint_summation,63.0,64.0,1,high
1000275,3022085,constraint_summation,9.0,9.0,0,high
1000275,3022103,constraint_summation,11.0,11.0,0,high
1000275,3022104,constraint_summation,9.0,9.0,0,high
1000275,3022074,constraint_summation,60.0,61.0,1,high
1000275,3022094,constraint_summation,34.0,36.0,2,high
1000275,3022113,constraint_summation,12.0,16.0,1,high
1000275,3022121,constraint_summation,49.0,65.0,1,high
1000279,3022302,constraint_summation,10.0,39.0,1,high
1000279,3022610,constraint_summation,422.0,611.0,2,high
1000279,3022730,constraint_summation,193.0,209.0,1,high
1000279,3022634,constraint_summation,134.0,146.0,2,high
1000279,3023206,constraint_summation,24.0,35.0,1,high
1000279,3023252,constraint_summation,37.0,41.0,1,high
1000279,3023255,constraint_summation,21.0,21.0,0,high
1000279,3030185,constraint_summation,44.0,64.0,1,high
1000279,3023201,constraint_summation,59.0,59.0,0,high
1000280,3022975,constraint_summation,220.0,240.0,2,high
1000280,3022984,constraint_summation,401.0,401.0,0,high
1000280,3023156,constraint_summation,112.0,171.0,1,high
1000280,3041401,constraint_summation,85.0,85.0,0,high
1000280,3041425,constraint_summation,26.0,26.0,0,high
1000280,3041398,constraint_summation,162.0,171.0,1,high
1000280,3022964,constraint_summation,3257.0,3670.0,3,high
1000280,3041417,constraint_summation,1567.0,1651.0,3,high
1000285,3023449,constraint_summation,1.0,1.0,0,high
1000285,3023480,constraint_summation,1.0,1.0,0,high
1000285,3023484,constraint_summation,21.0,21.0,0,high
1000287,3023757,constraint_summation,1.0,1.0,0,high
1000287,3023767,constraint_summation,11.0,11.0,0,high
1000292,3024425,constraint_summation,25.0,25.0,0,high
1000292,3024493,constraint_summation,10.0,10.0,0,high
1000292,3024502,constraint_summation,30.0,30.0,0,high
1000292,3024503,constraint_summation,25.0,45.0,1,high
1000292,3024521,constraint_summation,10.0,54.0,4,high
1000292,3024634,constraint_summation,16.0,16.0,0,high
1000292,3024697,constraint_summation,55.0,60.0,2,high
1000292,3024767,constraint_summation,25.0,25.0,0,high
1000292,3024260,constraint_summation,232.0,251.0,1,high
1000292,3024396,constraint_summation,65.0,81.0,5,high
1000292,3024686,constraint_summation,54.0,64.0,2,high
1000292,3024727,constraint_summation,0.0,19.0,2,high
1000292,3024454,constraint_summation,6.0,14.0,3,high
1000292,3024475,constraint_summation,69.0,81.0,3,high
1000292,3024674,constraint_summation,74.0,81.0,3,high
1000292,3024717,constraint_summation,9.0,24.0,4,high
1000292,3024326,constraint_summation,9.0,9.0,0,high
1000292,3024327,constraint_summation,25.0,25.0,0,high
1000292,3024580,constraint_summation,11.0,11.0,0,high
1000292,3024593,constraint_summation,16.0,16.0,0,high
1000292,3024763,constraint_summation,10.0,10.0,0,high
1000293,3024986,constraint_summation,75.0,75.0,0,high
1000293,3025080,constraint_summation,42.0,94.0,2,high
1000293,3025024,constraint_summation,75.0,89.0,3,high
1000293,3025057,constraint_summation,285.0,286.0,1,high
1000293,3025063,constraint_summation,129.0,149.0,1,high
1000293,3025093,constraint_summation,19.0,55.0,2,high
1000293,3024958,constraint_summation,1.0,51.0,3,high
1000293,3024989,constraint_summation,46.0,56.0,2,high
1000293,3025007,constraint_summation,82.0,106.0,2,high
1000293,3025069,constraint_summation,267.0,325.0,2,high
1000293,3025085,constraint_summation,78.0,224.0,3,high
1000293,3024975,constraint_summation,140.0,201.0,3,high
1000293,3025098,constraint_summation,118.0,214.0,3,high
1000293,3024960,constraint_summation,25.0,25.0,0,high
1000293,3025059,constraint_summation,46.0,46.0,0,high
1000295,3025162,constraint_summation,24.0,30.0,3,high
1000298,3025487,constraint_summation,1.0,1.0,0,high
1000299,3025657,constraint_summation,1.0,1.0,0,high
1000300,3025825,constraint_summation,49.0,49.0,0,high
1000300,3025828,constraint_summation,204.0,314.0,1,high
1000300,3025831,constraint_summation,10.0,10.0,0,high
1000300,3025833,constraint_summation,626.0,681.0,1,high
1000300,3025845,constraint_summation,25.0,25.0,0,high
1000300,3025856,constraint_summation,25.0,25.0,0,high
1000300,3025854,constraint_summation,270.0,350.0,1,high
1000301,3025927,constraint_summation,376.0,376.0,0,high
1000301,3025928,constraint_summation,26.0,26.0,0,high
1000301,3025929,constraint_summation,80.0,80.0,0,high
1000301,3025930,constraint_summation,450.0,460.0,1,high
1000301,3025932,constraint_summation,1056.0,1154.0,2,high
1000301,3025941,constraint_summation,11.0,11.0,0,high
1000301,3025943,constraint_summation,296.0,320.0,1,high
1000301,3025926,constraint_summation,74.0,74.0,0,high
1000302,3026027,constraint_summation,289.0,690.0,1,high
1000302,3026038,constraint_summation,70.0,70.0,0,high
1000302,3026051,constraint_summation,96.0,146.0,1,high
1000302,3026060,constraint_summation,30.0,30.0,0,high
1000302,3026062,constraint_summation,20.0,20.0,0,high
1000302,3026030,constraint_summation,194.0,400.0,1,high
1000302,3026037,constraint_summation,20.0,50.0,1,high
1000302,3026035,constraint_summation,10.0,10.0,0,high
1000304,3026160,constraint_summation,4.0,4.0,0,high
1000304,3026161,constraint_summation,0.0,0.0,0,high
1000304,3026162,constraint_summation,9.0,9.0,0,high
1000304,3026165,constraint_summation,9.0,9.0,0,high
1000304,3026166,constraint_summation,1.0,1.0,0,high
1000304,3026167,constraint_summation,9.0,9.0,0,high
1000304,3026168,constraint_summation,1.0,1.0,0,high
1000304,3026169,constraint_summation,9.0,9.0,0,high
1000305,3026213,constraint_summation,4.0,4.0,0,high
1000305,3026215,constraint_summation,4.0,4.0,0,high
1000305,3026216,constraint_summation,4.0,4.0,0,high
1000305,3026218,constraint_summation,25.0,25.0,0,high
1000305,3026219,constraint_summation,1.0,1.0,0,high
1000305,3026226,constraint_summation,1.0,1.0,0,high
1000305,3026227,constraint_summation,1.0,1.0,0,high
1000305,3026244,constraint_summation,4.0,4.0,0,high
1000305,3026231,constraint_summation,0.0,1.0,1,high
1000305,3026234,constraint_summation,8.0,9.0,1,high
1000306,3026258,constraint_summation,4.0,4.0,0,high
1000307,3026285,constraint_summation,4.0,4.0,0,high
1000315,3026900,constraint_summation,36.0,40.0,1,high
1000315,3026906,constraint_summation,10.0,10.0,0,high
1000316,3027000,constraint_summation,105.0,105.0,0,high
1000316,3027030,constraint_summation,10.0,10.0,0,high
1000317,3027043,constraint_summation,41.0,45.0,1,high
1000320,3027211,constraint_summation,36.0,36.0,0,high
1000321,3027466,constraint_summation,16.0,35.0,7,high
1000322,3028309,constraint_summation,0.0,4.0,1,high
1000323,3028441,constraint_summation,1609.0,1635.0,2,high
1000323,3028456,constraint_summation,1803.0,1886.0,4,high
1000323,3028488,constraint_summation,795.0,895.0,3,high
1000323,3028420,constraint_summation,219.0,219.0,0,high
1000324,3028596,constraint_summation,340.0,340.0,0,high
1000324,3028599,constraint_summation,121.0,121.0,0,high
1000327,3028685,constraint_summation,7.0,11.0,1,high
1000327,3028692,constraint_summation,49.0,49.0,0,high
1000327,3028694,constraint_summation,49.0,49.0,0,high
1000327,3028696,constraint_summation,14.0,14.0,0,high
1000327,3028702,constraint_summation,11.0,11.0,0,high
1000327,3028704,constraint_summation,26.0,26.0,0,high
1000327,3028683,constraint_summation,30.0,30.0,0,high
1000329,3028913,constraint_summation,276.0,276.0,0,high
1000329,3028921,constraint_summation,236.0,236.0,0,high
1000329,3028934,constraint_summation,136.0,136.0,0,high
1000329,3028953,constraint_summation,59.0,59.0,0,high
1000329,3028962,constraint_summation,76.0,76.0,0,high
1000329,3028984,constraint_summation,65.0,124.0,1,high
1000329,3028995,constraint_summation,51.0,56.0,1,high
1000329,3029022,constraint_summation,15.0,89.0,2,high
1000329,3028925,constraint_summation,217.0,221.0,1,high
1000329,3028939,constraint_summation,134.0,155.0,1,high
1000329,3028973,constraint_summation,280.0,301.0,2,high
1000329,3028992,constraint_summation,191.0,334.0,3,high
1000329,3029021,constraint_summation,113.0,139.0,1,high
1000329,3029032,constraint_summation,153.0,234.0,1,high
1000332,3029371,constraint_summation,9.0,9.0,0,high
1000332,3029382,constraint_summation,9.0,9.0,0,high
1000332,3029397,constraint_summation,3.0,9.0,3,high
1000333,3029536,constraint_summation,6.0,30.0,2,high
1000333,3029543,constraint_summation,55.0,69.0,1,high
1000333,3029549,constraint_summation,29.0,30.0,1,high
1000333,3029558,constraint_summation,4.0,4.0,0,high
1000333,3029574,constraint_summation,4.0,4.0,0,high
1000333,3029575,constraint_summation,146.0,146.0,0,high
1000333,3029576,constraint_summation,145.0,145.0,0,high
1000333,3029578,constraint_summation,40.0,40.0,0,high
1000333,3029579,constraint_summation,50.0,50.0,0,high
1000333,3029546,constraint_summation,12.0,30.0,2,high
1000333,3029561,constraint_summation,25.0,36.0,1,high
1000337,3030476,constraint_summation,1461.0,1461.0,0,high
1000337,3030491,constraint_summation,30.0,30.0,0,high
1000337,3030492,constraint_summation,30.0,30.0,0,high
1000337,3030494,constraint_summation,10.0,10.0,0,high
1000337,3030479,constraint_summation,34.0,496.0,2,high
1000337,3030465,constraint_summation,74.0,74.0,0,high
1000337,3030473,constraint_summation,434.0,434.0,0,high
1000340,3030670,constraint_summation,0.0,1.0,1,high
1000340,3030662,constraint_summation,1.0,1.0,0,high
1000340,3030690,constraint_summation,1.0,1.0,0,high
1000340,3030795,constraint_summation,9.0,9.0,0,high
1000345,3031419,constraint_summation,105.0,232.0,2,high
1000345,3031425,constraint_summation,16.0,16.0,0,high
1000345,3031443,constraint_summation,64.0,64.0,0,high
1000345,3031470,constraint_summation,25.0,25.0,0,high
1000351,3031631,constraint_summation,10.0,10.0,0,high
1000351,3031636,constraint_summation,36.0,36.0,0,high
1000351,3031637,constraint_summation,9.0,9.0,0,high
1000351,3031638,constraint_summation,4.0,4.0,0,high
1000351,3031640,constraint_summation,36.0,36.0,0,high
1000361,3032449,constraint_summation,947.0,951.0,1,high
1000361,3032451,constraint_summation,139.0,139.0,0,high
1000361,3032452,constraint_summation,64.0,64.0,0,high
1000361,3032463,constraint_summation,94.0,94.0,0,high
1000361,3032464,constraint_summation,30.0,30.0,0,high
1000361,3032466,constraint_summation,850.0,850.0,0,high
1000361,3032468,constraint_summation,400.0,400.0,0,high
1000361,3032469,constraint_summation,30.0,30.0,0,high
1000367,3033764,constraint_summation,10.0,10.0,0,high
1000367,3033774,constraint_summation,30.0,30.0,0,high
1000367,3033734,constraint_summation,270.0,460.0,4,high
1000368,3033317,constraint_summation,0.0,1.0,1,high
1000371,3033704,constraint_summation,1.0,1.0,0,high
1000371,3033705,constraint_summation,36.0,36.0,0,high
1000371,3033707,constraint_summation,15.0,15.0,0,high
1000371,3033709,constraint_summation,82.0,82.0,0,high
1000371,3033710,constraint_summation,31.0,31.0,0,high
1000371,3033711,constraint_summation,20.0,20.0,0,high
1000371,3033712,constraint_summation,35.0,35.0,0,high
1000371,3033713,constraint_summation,81.0,81.0,0,high
1000371,3033714,constraint_summation,76.0,76.0,0,high
1000371,3033715,constraint_summation,84.0,84.0,0,high
1000371,3033716,constraint_summation,9.0,9.0,0,high
1000371,3033718,constraint_summation,31.0,31.0,0,high
1000371,3033719,constraint_summation,64.0,64.0,0,high
1000371,3033720,constraint_summation,91.0,91.0,0,high
1000371,3033721,constraint_summation,46.0,46.0,0,high
1000375,3033879,constraint_summation,13.0,13.0,0,high
1000375,3034153,constraint_summation,25.0,25.0,0,high
1000375,3034154,constraint_summation,25.0,25.0,0,high
1000380,3034374,constraint_summation,20.0,25.0,2,high
1000380,3034387,constraint_summation,8.0,16.0,2,high
1000386,3034808,constraint_summation,430.0,430.0,0,high
1000386,3034809,constraint_summation,81.0,81.0,0,high
1000396,3035236,constraint_summation,4.0,4.0,0,high
1000397,3035281,constraint_summation,59.0,59.0,0,high
1000397,3035282,constraint_summation,25.0,25.0,0,high
1000397,3035283,constraint_summation,30.0,30.0,0,high
1000398,3035318,constraint_summation,20.0,20.0,0,high
1000400,3035395,constraint_summation,1010.0,1010.0,0,high
1000400,3035397,constraint_summation,1000.0,1000.0,0,high
1000401,3035451,constraint_summation,0.0,30.0,2,high
1000401,3035465,constraint_summation,104.0,105.0,2,high
1000401,3035490,constraint_summation,450.0,454.0,1,high
1000401,3035501,constraint_summation,94.0,130.0,1,high
1000401,3035511,constraint_summation,0.0,49.0,1,high
1000402,3035562,constraint_summation,81.0,81.0,0,high
1000402,3035563,constraint_summation,80.0,80.0,0,high
1000402,3035564,constraint_summation,10.0,10.0,0,high
1000402,3035565,constraint_summation,91.0,91.0,0,high
1000402,3035567,constraint_summation,430.0,430.0,0,high
1000403,3035623,constraint_summation,430.0,430.0,0,high
1000403,3035630,constraint_summation,110.0,110.0,0,high
1000403,3035631,constraint_summation,820.0,820.0,0,high
1000403,3035636,constraint_summation,255.0,255.0,0,high
1000403,3035622,constraint_summation,20.0,70.0,1,high
1000406,3035752,constraint_summation,86.0,96.0,2,high
1000406,3035744,constraint_summation,21.0,96.0,5,high
1000408,3035952,constraint_summation,5.0,5.0,0,high
1000408,3035953,constraint_summation,1.0,1.0,0,high
1000408,3035954,constraint_summation,1.0,1.0,0,high
1000408,3035955,constraint_summation,1.0,1.0,0,high
1000408,3035957,constraint_summation,1.0,1.0,0,high
1000408,3035958,constraint_summation,9.0,9.0,0,high
1000408,3035959,constraint_summation,1.0,1.0,0,high
1000413,3036173,constraint_summation,14.0,14.0,0,high
1000413,3036197,constraint_summation,10.0,10.0,0,high
1000413,3036215,constraint_summation,80.0,80.0,0,high
1000413,3036255,constraint_summation,52.0,66.0,2,high
1000413,3036285,constraint_summation,14.0,14.0,0,high
1000413,3036201,constraint_summation,0.0,4.0,1,high
1000413,3036214,constraint_summation,4.0,4.0,0,high
1000413,3036264,constraint_summation,5.0,9.0,1,high
1000415,3036344,constraint_summation,220.0,220.0,0,high
1000415,3036353,constraint_summation,169.0,179.0,2,high
1000415,3036333,constraint_summation,107.0,154.0,3,high
1000418,3036436,constraint_summation,59.0,59.0,0,high
1000418,3036437,constraint_summation,59.0,59.0,0,high
1000418,3036438,constraint_summation,21.0,21.0,0,high
1000418,3036439,constraint_summation,59.0,59.0,0,high
1000418,3036440,constraint_summation,20.0,20.0,0,high
1000418,3036441,constraint_summation,24.0,24.0,0,high
1000418,3036461,constraint_summation,9.0,9.0,0,high
1000418,3036462,constraint_summation,13.0,13.0,0,high
1000418,3036463,constraint_summation,10.0,10.0,0,high
1000422,3037111,constraint_summation,51.0,51.0,0,high
1000422,3037112,constraint_summation,41.0,41.0,0,high
1000422,3037113,constraint_summation,55.0,55.0,0,high
1000422,3037114,constraint_summation,44.0,44.0,0,high
1000425,3037209,constraint_summation,359.0,359.0,0,high
1000426,3037238,constraint_summation,1150.0,1150.0,0,high
1000426,3037239,constraint_summation,40.0,40.0,0,high
1000426,3037240,constraint_summation,370.0,370.0,0,high
1000427,3037257,constraint_summation,110.0,110.0,0,high
1000431,3037401,constraint_summation,106.0,116.0,1,high
1000431,3037403,constraint_summation,189.0,189.0,0,high
1000433,3037483,constraint_summation,86.0,86.0,0,high
1000436,3037606,constraint_summation,34.0,34.0,0,high
1000436,3037607,constraint_summation,79.0,79.0,0,high
1000436,3037634,constraint_summation,53.0,134.0,1,high
1000436,3037615,constraint_summation,96.0,106.0,1,high
1000436,3037620,constraint_summation,47.0,106.0,2,high
1000437,3037670,constraint_summation,1.0,1.0,0,high
1000437,3037671,constraint_summation,1.0,1.0,0,high
1000437,3037672,constraint_summation,9.0,9.0,0,high
1000437,3037673,constraint_summation,10.0,10.0,0,high
1000437,3037674,constraint_summation,16.0,16.0,0,high
1000437,3037675,constraint_summation,21.0,21.0,0,high
1000437,3037676,constraint_summation,35.0,35.0,0,high
1000439,3037727,constraint_summation,25.0,25.0,0,high
1000446,3037922,constraint_summation,649.0,749.0,1,high
1000449,3038232,constraint_summation,191.0,191.0,0,high
1000449,3038233,constraint_summation,250.0,250.0,0,high
1000455,3039781,constraint_summation,10.0,10.0,0,high
1000456,3040074,constraint_summation,1.0,1.0,0,high
1000472,3039889,constraint_summation,3721.0,3721.0,0,high
1000472,3039906,constraint_summation,15327.0,15327.0,0,high
1000472,3040011,constraint_summation,0.0,0.0,0,high
1000472,3039917,constraint_summation,1140.0,1319.0,1,high
1000472,3039932,constraint_summation,10.0,20.0,1,high
1000472,3039953,constraint_summation,5.0,34.0,1,high
1000472,3039965,constraint_summation,24.0,69.0,1,high
1000477,3040216,constraint_summation,26.0,40.0,3,high
1000477,3040261,constraint_summation,16.0,16.0,0,high
1000477,3040285,constraint_summation,16.0,16.0,0,high
1000477,3040237,constraint_summation,20.0,36.0,1,high
1000477,3040263,constraint_summation,24.0,25.0,1,high
1000477,3040270,constraint_summation,8.0,9.0,1,high
1000477,3040276,constraint_summation,15.0,16.0,1,high
1000477,3040284,constraint_summation,15.0,16.0,1,high
1000477,3040293,constraint_summation,8.0,9.0,1,high
1000477,3040299,constraint_summation,1.0,4.0,3,high
1000477,3040309,constraint_summation,4.0,49.0,2,high
1000483,3040447,constraint_summation,81.0,81.0,0,high
1000488,3040544,constraint_summation,42.0,46.0,1,high
1000494,3040846,constraint_summation,24.0,28.0,1,high
1000494,3040880,constraint_summation,4.0,4.0,0,high
1000495,3040971,constraint_summation,444.0,444.0,0,high
1000495,3040991,constraint_summation,831.0,866.0,1,high
1000495,3040994,constraint_summation,807.0,821.0,1,high
1000495,3041013,constraint_summation,378.0,399.0,2,high
1000495,3041022,constraint_summation,395.0,395.0,0,high
1000495,3041023,constraint_summation,211.0,211.0,0,high
1000495,3041029,constraint_summation,6115.0,6154.0,2,high
1000495,3041032,constraint_summation,534.0,534.0,0,high
1000495,3041033,constraint_summation,741.0,741.0,0,high
1000495,3041035,constraint_summation,399.0,399.0,0,high
1000495,3040983,constraint_summation,1384.0,1384.0,0,high
1000495,3040984,constraint_summation,749.0,809.0,1,high
1000495,3041003,constraint_summation,40.0,40.0,0,high
1000495,3041008,constraint_summation,91.0,91.0,0,high
1000497,3041129,constraint_summation,10.0,10.0,0,high
1000501,3042341,constraint_summation,39.0,39.0,0,high
1000501,3042351,constraint_summation,21.0,21.0,0,high
1000501,3042352,constraint_summation,21.0,21.0,0,high
1000505,3042535,constraint_summation,56.0,64.0,2,high
1000505,3042541,constraint_summation,43.0,59.0,1,high
1000505,3042543,constraint_summation,27.0,45.0,2,high
1000505,3042547,constraint_summation,31.0,36.0,2,high
1000506,3042719,constraint_summation,4.0,4.0,0,high
1000506,3042728,constraint_summation,4.0,4.0,0,high
1000506,3042729,constraint_summation,4.0,4.0,0,high
1000507,3042820,constraint_summation,5.0,9.0,1,high
1000507,3042826,constraint_summation,40.0,40.0,0,high
1000507,3042833,constraint_summation,40.0,40.0,0,high
1000507,3042835,constraint_summation,10.0,10.0,0,high
1000507,3042836,constraint_summation,6.0,6.0,0,high
1000507,3042839,constraint_summation,5.0,5.0,0,high
1000507,3042845,constraint_summation,5.0,5.0,0,high
1000507,3042856,constraint_summation,10.0,10.0,0,high
1000507,3042857,constraint_summation,1.0,1.0,0,high
1000507,3042859,constraint_summation,9.0,9.0,0,high
1000507,3042862,constraint_summation,1.0,1.0,0,high
1000507,3042828,constraint_summation,4.0,5.0,1,high
1000507,3042843,constraint_summation,1.0,10.0,1,high
1000507,3042850,constraint_summation,7.0,16.0,1,high
1000508,3043092,constraint_summation,4.0,4.0,0,high
1000508,3043096,constraint_summation,100.0,100.0,0,high
1000509,3044226,constraint_summation,0.0,2.0,2,high
1000512,3043436,constraint_summation,365.0,365.0,0,high
1000512,3043447,constraint_summation,70.0,119.0,1,high
1000512,3043431,constraint_summation,4.0,4.0,0,high
1000513,3043538,constraint_summation,54.0,54.0,0,high
1000513,3043543,constraint_summation,30.0,30.0,0,high
1000513,3043544,constraint_summation,20.0,20.0,0,high
1000513,3043547,constraint_summation,50.0,50.0,0,high
1000513,3043548,constraint_summation,45.0,45.0,0,high
1000513,3043550,constraint_summation,10.0,10.0,0,high
1000513,3043552,constraint_summation,30.0,30.0,0,high
1000513,3043556,constraint_summation,20.0,20.0,0,high
1000513,3043561,constraint_summation,10.0,10.0,0,high
1000513,3043565,constraint_summation,10.0,10.0,0,high
1000513,3043567,constraint_summation,10.0,10.0,0,high
1000515,3044407,constraint_summation,11.0,25.0,2,high
1000515,3044406,constraint_summation,16.0,66.0,1,high
1000515,3044398,constraint_summation,9.0,30.0,2,high
1000515,3044410,constraint_summation,0.0,0.0,0,high
1000516,3044438,constraint_summation,9.0,9.0,0,high
1000516,3044445,constraint_summation,14.0,14.0,0,high
1000517,3044472,constraint_summation,105.0,105.0,0,high
1000518,3044590,constraint_summation,186.0,186.0,0,high
1000518,3044597,constraint_summation,95.0,95.0,0,high
1000518,3044607,constraint_summation,4.0,4.0,0,high
1000518,3044611,constraint_summation,249.0,249.0,0,high
1000518,3044613,constraint_summation,19.0,19.0,0,high
1000518,3044615,constraint_summation,224.0,240.0,1,high
1000518,3044622,constraint_summation,244.0,244.0,0,high
1000518,3044624,constraint_summation,19.0,19.0,0,high
1000518,3044626,constraint_summation,214.0,230.0,1,high
1000518,3044630,constraint_summation,55.0,55.0,0,high
1000518,3044604,constraint_summation,627.0,646.0,1,high
1000518,3044595,constraint_summation,26.0,26.0,0,high
1000519,3044796,constraint_summation,20.0,20.0,0,high
1000519,3044798,constraint_summation,20.0,20.0,0,high
1000519,3044799,constraint_summation,20.0,20.0,0,high
1000519,3044802,constraint_summation,20.0,20.0,0,high
1000519,3044803,constraint_summation,20.0,20.0,0,high
1000519,3044804,constraint_summation,20.0,20.0,0,high
1000519,3044805,constraint_summation,10.0,10.0,0,high
1000519,3044807,constraint_summation,25.0,25.0,0,high
1000519,3044809,constraint_summation,19.0,19.0,0,high
1000519,3044811,constraint_summation,56.0,56.0,0,high
1000519,3044813,constraint_summation,94.0,94.0,0,high
1000519,3044814,constraint_summation,20.0,20.0,0,high
1000519,3044815,constraint_summation,45.0,45.0,0,high
1000519,3044816,constraint_summation,10.0,10.0,0,high
1000519,3044822,constraint_summation,10.0,10.0,0,high
1000519,3044823,constraint_summation,20.0,20.0,0,high
1000519,3044824,constraint_summation,20.0,20.0,0,high
1000519,3044825,constraint_summation,20.0,20.0,0,high
1000520,3044898,constraint_summation,16.0,16.0,0,high
1000520,3044900,constraint_summation,1.0,1.0,0,high
1000520,3044903,constraint_summation,50.0,59.0,1,high
1000520,3044905,constraint_summation,36.0,36.0,0,high
1000520,3044907,constraint_summation,1.0,1.0,0,high
1000520,3044915,constraint_summation,4.0,4.0,0,high
1000520,3044917,constraint_summation,16.0,16.0,0,high
1000524,3045396,constraint_summation,137.0,155.0,2,high
1000524,3045447,constraint_summation,10.0,10.0,0,high
1000524,3045453,constraint_summation,39.0,39.0,0,high
1000524,3045451,constraint_summation,341.0,381.0,1,high
1000524,3045407,constraint_summation,15.0,110.0,3,high
1000526,3045631,constraint_summation,0.0,11.0,2,high
1000526,3045635,constraint_summation,80.0,81.0,1,high
1000526,3045637,constraint_summation,4.0,4.0,0,high
1000526,3045650,constraint_summation,10.0,10.0,0,high
1000526,3045659,constraint_summation,19.0,19.0,0,high
1000526,3045727,constraint_summation,1.0,1.0,0,high
1000526,3045739,constraint_summation,16.0,16.0,0,high
1000526,3045630,constraint_summation,10.0,11.0,1,high
1000526,3045742,constraint_summation,20.0,25.0,2,high
1000526,3045622,constraint_summation,26.0,26.0,0,high
1000528,3046005,constraint_summation,576.0,576.0,0,high
1000528,3046010,constraint_summation,99.0,99.0,0,high
1000528,3046020,constraint_summation,20.0,20.0,0,high
1000528,3046022,constraint_summation,116.0,116.0,0,high
1000528,3046024,constraint_summation,375.0,375.0,0,high
1000528,3046025,constraint_summation,586.0,586.0,0,high
1000528,3046027,constraint_summation,410.0,426.0,1,high
1000528,3046017,constraint_summation,24.0,24.0,0,high
1000533,3046222,constraint_summation,36.0,36.0,0,high
1000533,3046223,constraint_summation,16.0,16.0,0,high
1000533,3046224,constraint_summation,1.0,1.0,0,high
1000533,3046225,constraint_summation,4.0,4.0,0,high
1000533,3046226,constraint_summation,1.0,1.0,0,high
1000539,3046676,constraint_summation,137.0,141.0,1,high
1000539,3046678,constraint_summation,135.0,135.0,0,high
1000540,3046735,constraint_summation,11.0,11.0,0,high
1000541,3047605,constraint_summation,56.0,56.0,0,high
1000542,3047818,constraint_summation,9.0,9.0,0,high
1000542,3047819,constraint_summation,16.0,16.0,0,high
1000542,3047820,constraint_summation,4.0,4.0,0,high
1000542,3047821,constraint_summation,16.0,16.0,0,high
1000542,3047822,constraint_summation,9.0,9.0,0,high
1000542,3047823,constraint_summation,9.0,9.0,0,high
1000542,3047824,constraint_summation,9.0,9.0,0,high
1000542,3047825,constraint_summation,64.0,64.0,0,high
1000543,3047952,constraint_summation,29.0,29.0,0,high
1000543,3047953,constraint_summation,24.0,24.0,0,high
1000543,3047954,constraint_summation,79.0,79.0,0,high
1000543,3047955,constraint_summation,105.0,105.0,0,high
1000543,3047956,constraint_summation,96.0,96.0,0,high
1000543,3047957,constraint_summation,11.0,11.0,0,high
1000543,3047958,constraint_summation,85.0,85.0,0,high
1000543,3047959,constraint_summation,9.0,9.0,0,high
1000543,3047960,constraint_summation,25.0,25.0,0,high
1000543,3047962,constraint_summation,30.0,30.0,0,high
1000543,3047963,constraint_summation,31.0,31.0,0,high
1000543,3047965,constraint_summation,16.0,16.0,0,high
1000543,3047966,constraint_summation,9.0,9.0,0,high
1000545,3048202,constraint_summation,25.0,25.0,0,high
1000545,3048207,constraint_summation,300.0,301.0,1,high
1000545,3048209,constraint_summation,49.0,49.0,0,high
1000545,3048210,constraint_summation,36.0,36.0,0,high
1000545,3048212,constraint_summation,9.0,9.0,0,high
1000545,3048213,constraint_summation,36.0,36.0,0,high
1000545,3048231,constraint_summation,109.0,109.0,0,high
1000545,3048239,constraint_summation,0.0,4.0,1,high
1000545,3048244,constraint_summation,24.0,25.0,1,high
1000545,3048220,constraint_summation,49.0,49.0,0,high
1000545,3048224,constraint_summation,100.0,100.0,0,high
1000546,3048360,constraint_summation,544.0,669.0,2,high
1000546,3048367,constraint_summation,109.0,109.0,0,high
1000546,3048370,constraint_summation,8.0,55.0,3,high
1000546,3048322,constraint_summation,6.0,16.0,4,high
1000546,3048348,constraint_summation,1.0,1.0,0,high
1000546,3048358,constraint_summation,4.0,4.0,0,high
1000547,3048618,constraint_summation,79.0,79.0,0,high
1000548,3048673,constraint_summation,36.0,36.0,0,high
1000549,3048718,constraint_summation,2.0,2.0,0,high
1000549,3048719,constraint_summation,4.0,4.0,0,high
1000549,3048720,constraint_summation,16.0,16.0,0,high
1000549,3048721,constraint_summation,4.0,4.0,0,high
1000549,3048722,constraint_summation,26.0,26.0,0,high
1000549,3048729,constraint_summation,1.0,1.0,0,high
1000549,3048730,constraint_summation,1.0,1.0,0,high
1000549,3048731,constraint_summation,16.0,16.0,0,high
1000549,3048732,constraint_summation,16.0,16.0,0,high
1000549,3048733,constraint_summation,16.0,16.0,0,high
1000549,3048734,constraint_summation,4.0,4.0,0,high
1000549,3048735,constraint_summation,16.0,16.0,0,high
1000549,3048736,constraint_summation,16.0,16.0,0,high
1000552,3048849,constraint_summation,11.0,11.0,0,high
1000552,3048852,constraint_summation,9.0,9.0,0,high
1000552,3048861,constraint_summation,1.0,1.0,0,high
1000552,3048857,constraint_summation,35.0,36.0,1,high
1000552,3048860,constraint_summation,24.0,25.0,1,high
1000553,3048918,constraint_summation,35.0,35.0,0,high
1000554,3048991,constraint_summation,20.0,50.0,1,high
1000559,3049150,constraint_summation,620.0,620.0,0,high
1000564,3049631,constraint_summation,10.0,10.0,1,high
1000564,3049670,constraint_summation,20.0,20.0,2,high
1000564,3049696,constraint_summation,30.0,40.0,1,high
1000564,3049703,constraint_summation,0.0,0.0,1,high
1000564,3049706,constraint_summation,10.0,10.0,1,high
1000564,3049724,constraint_summation,0.0,10.0,1,high
1000564,3049651,constraint_summation,20.0,30.0,2,high
1000564,3049689,constraint_summation,100.0,100.0,4,high
1000565,3049961,constraint_summation,5580.0,6030.0,7,high
1000565,3050090,constraint_summation,3898.0,4130.0,8,high
1000565,3050115,constraint_summation,1019.0,1030.0,4,high
1000565,3050102,constraint_summation,928.0,930.0,4,high
1000565,3050037,constraint_summation,3580.0,3840.0,5,high
1000565,3049870,constraint_summation,13788.0,15650.0,7,high
1000565,3049900,constraint_summation,9340.0,10640.0,7,high
1000565,3049941,constraint_summation,10938.0,11820.0,8,high
1000567,3050409,constraint_summation,9.0,10.0,7,high
1000570,3050642,constraint_summation,0.0,0.0,0,high
1000570,3050643,constraint_summation,20.0,30.0,1,high
1000570,3050646,constraint_summation,0.0,0.0,0,high
1000570,3050648,constraint_summation,20.0,20.0,1,high
1000571,3050704,constraint_summation,30.0,30.0,0,high
1000573,3050735,constraint_summation,0.0,10.0,1,high
1000574,3050815,constraint_summation,100.0,100.0,0,high
1000574,3050817,constraint_summation,0.0,0.0,0,high
1000574,3050835,constraint_summation,1.0,1.0,0,high
1000575,3050954,constraint_summation,20.0,20.0,0,high
1000575,3050959,constraint_summation,10.0,10.0,0,high
1000576,3051086,constraint_summation,0.0,0.0,0,high
1000576,3051104,constraint_summation,0.0,0.0,0,high
1000576,3051105,constraint_summation,20.0,20.0,0,high
1000576,3051100,constraint_summation,0.0,0.0,1,high
1000576,3051090,constraint_summation,10.0,10.0,0,high
1000580,3051184,constraint_summation,10.0,10.0,0,high
1000580,3051185,constraint_summation,20.0,20.0,0,high
1000580,3051189,constraint_summation,11.0,11.0,0,high
1000585,3051387,constraint_summation,60.0,60.0,0,high
1000585,3051380,constraint_summation,110.0,110.0,0,high
1000585,3051383,constraint_summation,10.0,10.0,0,high
1000586,3051744,constraint_summation,51.0,51.0,0,high
1000586,3051751,constraint_summation,10.0,10.0,0,high
1000589,3051843,constraint_summation,20.0,20.0,0,high
1000589,3051845,constraint_summation,0.0,0.0,0,high
1000589,3051846,constraint_summation,10.0,10.0,0,high
1000589,3051851,constraint_summation,10.0,10.0,0,high
1000590,3051925,constraint_summation,0.0,0.0,1,high
1000590,3051927,constraint_summation,9.0,10.0,1,high
1000590,3051931,constraint_summation,1.0,1.0,0,high
1000591,3052003,constraint_summation,0.0,0.0,0,high
1000591,3052005,constraint_summation,0.0,0.0,0,high
1000591,3052026,constraint_summation,11.0,11.0,0,high
1000591,3052009,constraint_summation,0.0,0.0,0,high
1000592,3052051,constraint_summation,11.0,21.0,1,high
1000592,3052055,constraint_summation,0.0,10.0,1,high
1000592,3052061,constraint_summation,10.0,30.0,1,high
1000592,3052044,constraint_summation,20.0,20.0,0,high
1000592,3052047,constraint_summation,10.0,10.0,0,high
1000592,3052050,constraint_summation,10.0,10.0,0,high
1000598,3052517,constraint_summation,111.0,111.0,0,high
1000598,3052521,constraint_summation,200.0,200.0,0,high
1000598,3052528,constraint_summation,101.0,101.0,0,high
1000598,3052534,constraint_summation,59.0,70.0,2,high
1000598,3052542,constraint_summation,0.0,20.0,1,high
1000598,3052560,constraint_summation,590.0,620.0,1,high
1000598,3052553,constraint_summation,22.0,62.0,2,high
1000598,3052552,constraint_summation,40.0,40.0,0,high
1000599,3052610,constraint_summation,40.0,40.0,0,high
1000599,3052611,constraint_summation,10.0,10.0,0,high
1000600,3052629,constraint_summation,1.0,1.0,0,high
1000601,3052654,constraint_summation,1.0,1.0,0,high
1000601,3052658,constraint_summation,10.0,31.0,1,high
1000601,3052662,constraint_summation,90.0,90.0,0,high
1000603,3052896,constraint_summation,110.0,120.0,1,high
1000603,3052926,constraint_summation,80.0,140.0,2,high
1000603,3052939,constraint_summation,31.0,51.0,1,high
1000603,3052941,constraint_summation,100.0,100.0,0,high
1000603,3052945,constraint_summation,100.0,100.0,0,high
1000603,3052946,constraint_summation,79.0,140.0,1,high
1000603,3052969,constraint_summation,51.0,51.0,0,high
1000603,3052979,constraint_summation,130.0,170.0,1,high
1000603,3052996,constraint_summation,60.0,150.0,1,high
1000603,3053011,constraint_summation,10.0,10.0,0,high
1000603,3053046,constraint_summation,60.0,190.0,1,high
1000603,3053051,constraint_summation,120.0,130.0,1,high
1000603,3053054,constraint_summation,80.0,110.0,1,high
1000603,3053130,constraint_summation,20.0,20.0,1,high
1000603,3053137,constraint_summation,40.0,40.0,1,high
1000603,3052892,constraint_summation,60.0,140.0,1,high
1000603,3053005,constraint_summation,90.0,140.0,1,high
1000603,3053037,constraint_summation,40.0,50.0,1,high
1000603,3053161,constraint_summation,0.0,0.0,2,high
1000603,3053168,constraint_summation,19.0,20.0,1,high
1000603,3052903,constraint_summation,10.0,10.0,0,high
1000603,3053034,constraint_summation,20.0,20.0,0,high
1000603,3053041,constraint_summation,1151.0,1151.0,0,high
1000603,3053143,constraint_summation,10.0,10.0,0,high
1000603,3053165,constraint_summation,1.0,1.0,0,high
1000603,3052994,constraint_summation,40.0,40.0,0,high
1000603,3053014,constraint_summation,20.0,30.0,1,high
1000603,3053026,constraint_summation,30.0,30.0,0,high
1000605,3053645,constraint_summation,10.0,10.0,0,high
1000605,3053646,constraint_summation,121.0,121.0,0,high
1000606,3053669,constraint_summation,0.0,0.0,0,high
1000607,3053820,constraint_summation,320.0,320.0,0,high
1000607,3053825,constraint_summation,200.0,200.0,0,high
1000607,3053842,constraint_summation,2171.0,2171.0,0,high
1000607,3053817,constraint_summation,211.0,251.0,1,high
1000607,3053829,constraint_summation,1.0,81.0,1,high
1000607,3053828,constraint_summation,80.0,80.0,0,high
1000607,3053839,constraint_summation,11.0,11.0,1,high
1000608,3053931,constraint_summation,80.0,80.0,0,high
1000608,3053932,constraint_summation,90.0,90.0,0,high
1000609,3054038,constraint_summation,600.0,600.0,0,high
1000609,3054039,constraint_summation,70.0,70.0,0,high
1000609,3054042,constraint_summation,122.0,122.0,0,high
1000609,3054044,constraint_summation,40.0,40.0,0,high
1000609,3054045,constraint_summation,161.0,161.0,0,high
1000609,3054061,constraint_summation,350.0,350.0,0,high
1000609,3054062,constraint_summation,50.0,50.0,0,high
1000609,3054049,constraint_summation,1.0,1.0,0,high
1000609,3054056,constraint_summation,1.0,1.0,0,high
1000610,3054197,constraint_summation,1540.0,1540.0,0,high
1000610,3054198,constraint_summation,1730.0,1730.0,0,high
1000610,3054203,constraint_summation,2860.0,2860.0,0,high
1000610,3054205,constraint_summation,9570.0,9570.0,0,high
1000610,3054206,constraint_summation,2460.0,2460.0,0,high
1000610,3054207,constraint_summation,200.0,200.0,0,high
1000610,3054210,constraint_summation,571.0,571.0,0,high
1000610,3054211,constraint_summation,2070.0,2070.0,0,high
1000610,3054213,constraint_summation,1580.0,1580.0,0,high
1000610,3054215,constraint_summation,550.0,550.0,0,high
1000610,3054216,constraint_summation,2880.0,2880.0,0,high
1000610,3054218,constraint_summation,7390.0,7810.0,1,high
1000610,3054221,constraint_summation,181.0,181.0,0,high
1000611,3054523,constraint_summation,40.0,40.0,0,high
1000611,3054528,constraint_summation,40.0,40.0,0,high
1000611,3054549,constraint_summation,300.0,300.0,0,high
1000611,3054563,constraint_summation,100.0,100.0,0,high
1000611,3054546,constraint_summation,20.0,60.0,1,high
1000611,3054540,constraint_summation,350.0,350.0,0,high
1000611,3054545,constraint_summation,40.0,40.0,0,high
1000612,3054794,constraint_summation,130.0,130.0,0,high
1000612,3054833,constraint_summation,200.0,200.0,0,high
1000612,3054843,constraint_summation,99.0,130.0,1,high
1000612,3054878,constraint_summation,19.0,80.0,2,high
1000612,3054888,constraint_summation,29.0,100.0,2,high
1000612,3054896,constraint_summation,951.0,1001.0,1,high
1000612,3054898,constraint_summation,30.0,70.0,1,high
1000612,3054900,constraint_summation,30.0,60.0,1,high
1000612,3054902,constraint_summation,90.0,100.0,1,high
1000612,3054922,constraint_summation,80.0,80.0,0,high
1000612,3054924,constraint_summation,100.0,100.0,0,high
1000612,3054929,constraint_summation,170.0,170.0,0,high
1000612,3054931,constraint_summation,81.0,81.0,0,high
1000612,3054936,constraint_summation,60.0,60.0,0,high
1000612,3054937,constraint_summation,171.0,171.0,0,high
1000612,3054938,constraint_summation,60.0,60.0,0,high
1000612,3054939,constraint_summation,180.0,180.0,0,high
1000612,3054940,constraint_summation,181.0,181.0,0,high
1000612,3054941,constraint_summation,160.0,160.0,0,high
1000612,3054942,constraint_summation,231.0,231.0,0,high
1000612,3054943,constraint_summation,220.0,220.0,0,high
1000612,3054944,constraint_summation,120.0,120.0,0,high
1000612,3054945,constraint_summation,170.0,170.0,0,high
1000612,3054946,constraint_summation,90.0,90.0,0,high
1000612,3054947,constraint_summation,31.0,31.0,0,high
1000612,3054779,constraint_summation,10.0,71.0,1,high
1000612,3054857,constraint_summation,50.0,51.0,1,high
1000612,3054870,constraint_summation,90.0,101.0,1,high
1000612,3054910,constraint_summation,90.0,110.0,1,high
1000612,3054913,constraint_summation,170.0,190.0,1,high
1000612,3054917,constraint_summation,80.0,100.0,1,high
1000612,3054863,constraint_summation,79.0,90.0,2,high
1000613,3055010,constraint_summation,680.0,800.0,1,high
1000614,3055221,constraint_summation,0.0,0.0,0,high
1000614,3055284,constraint_summation,1.0,1.0,0,high
1000614,3055306,constraint_summation,0.0,0.0,0,high
1000614,3055309,constraint_summation,0.0,0.0,0,high
1000614,3055325,constraint_summation,1.0,1.0,0,high
1000614,3055327,constraint_summation,0.0,0.0,0,high
1000614,3055333,constraint_summation,0.0,0.0,1,high
1000614,3055338,constraint_summation,0.0,0.0,1,high
1000614,3055342,constraint_summation,0.0,0.0,1,high
1000614,3055350,constraint_summation,0.0,0.0,2,high
1000614,3055353,constraint_summation,0.0,0.0,1,high
1000614,3055396,constraint_summation,0.0,0.0,0,high
1000614,3055399,constraint_summation,10.0,10.0,0,high
1000614,3055253,constraint_summation,0.0,0.0,0,high
1000614,3055262,constraint_summation,9.0,10.0,1,high
1000614,3055279,constraint_summation,10.0,10.0,0,high
1000614,3055355,constraint_summation,0.0,0.0,0,high
1000616,3055607,constraint_summation,400.0,400.0,0,high
1000616,3055613,constraint_summation,300.0,300.0,0,high
1000617,3055710,constraint_summation,490.0,490.0,0,high
1000618,3055812,constraint_summation,520.0,520.0,0,high
1000618,3055813,constraint_summation,350.0,350.0,0,high
1000618,3055829,constraint_summation,30.0,90.0,2,high
1000618,3055835,constraint_summation,261.0,261.0,1,high
1000618,3055839,constraint_summation,1300.0,1300.0,0,high
1000618,3055840,constraint_summation,1570.0,1570.0,0,high
1000618,3055841,constraint_summation,1300.0,1300.0,0,high
1000618,3055825,constraint_summation,310.0,320.0,1,high
1000618,3055821,constraint_summation,40.0,40.0,0,high
1000618,3055831,constraint_summation,20.0,20.0,0,high
1000619,3055959,constraint_summation,70.0,70.0,0,high
1000619,3055960,constraint_summation,380.0,380.0,0,high
1000619,3055961,constraint_summation,330.0,330.0,0,high
1000619,3055962,constraint_summation,561.0,561.0,0,high
1000619,3055964,constraint_summation,331.0,331.0,0,high
1000619,3055965,constraint_summation,1870.0,1870.0,1,high
1000622,3056155,constraint_summation,230.0,230.0,0,high
1000622,3056156,constraint_summation,190.0,190.0,0,high
1000622,3056157,constraint_summation,181.0,181.0,0,high
1000622,3056169,constraint_summation,10.0,10.0,0,high
1000622,3056172,constraint_summation,281.0,281.0,0,high
1000622,3056173,constraint_summation,251.0,251.0,0,high
1000622,3056174,constraint_summation,301.0,301.0,0,high
1000622,3056175,constraint_summation,270.0,270.0,0,high
1000622,3056176,constraint_summation,61.0,61.0,0,high
1000622,3056185,constraint_summation,22.0,22.0,0,high
1000622,3056186,constraint_summation,10.0,10.0,0,high
1000622,3056187,constraint_summation,12.0,12.0,0,high
1000622,3056192,constraint_summation,10.0,10.0,0,high
1000622,3056193,constraint_summation,40.0,40.0,0,high
1000622,3056194,constraint_summation,20.0,20.0,0,high
1000622,3056195,constraint_summation,30.0,30.0,0,high
1000622,3056196,constraint_summation,40.0,40.0,0,high
1000622,3056197,constraint_summation,31.0,31.0,0,high
1000622,3056198,constraint_summation,20.0,20.0,0,high
1000622,3056199,constraint_summation,21.0,21.0,0,high
1000622,3056200,constraint_summation,1.0,1.0,0,high
1000622,3056201,constraint_summation,10.0,10.0,0,high
1000622,3056203,constraint_summation,1.0,1.0,0,high
1000622,3056206,constraint_summation,20.0,20.0,1,high
1000622,3056218,constraint_summation,10.0,10.0,0,high
1000622,3056231,constraint_summation,22.0,22.0,0,high
1000622,3056234,constraint_summation,31.0,31.0,0,high
1000622,3056237,constraint_summation,21.0,21.0,0,high
1000622,3056238,constraint_summation,10.0,10.0,0,high
1000622,3056241,constraint_summation,20.0,20.0,0,high
1000622,3056243,constraint_summation,10.0,10.0,0,high
1000622,3056244,constraint_summation,9.0,10.0,1,high
1000622,3056246,constraint_summation,10.0,10.0,0,high
1000622,3056247,constraint_summation,11.0,11.0,0,high
1000622,3056248,constraint_summation,10.0,10.0,0,high
1000622,3056249,constraint_summation,0.0,0.0,0,high
1000622,3056250,constraint_summation,0.0,0.0,0,high
1000622,3056222,constraint_summation,0.0,1.0,1,high
1000622,3056184,constraint_summation,0.0,0.0,0,high
1000622,3056220,constraint_summation,1.0,1.0,0,high
1000623,3056571,constraint_summation,60.0,60.0,0,high
1000624,3056687,constraint_summation,140.0,180.0,2,high
1000624,3056629,constraint_summation,29.0,80.0,2,high
1000624,3056711,constraint_summation,100.0,150.0,2,high
1000624,3056708,constraint_summation,10.0,10.0,0,high
1000624,3056623,constraint_summation,50.0,90.0,1,high
1000624,3056730,constraint_summation,0.0,70.0,1,high
1000624,3056701,constraint_summation,70.0,70.0,0,high
1000624,3056786,constraint_summation,21.0,21.0,0,high
1000624,3056797,constraint_summation,0.0,0.0,0,high
1000629,3057082,constraint_summation,0.0,0.0,0,high
1000629,3057083,constraint_summation,1.0,1.0,0,high
1000629,3057064,constraint_summation,9.0,20.0,2,high
1000630,3057115,constraint_summation,10.0,10.0,0,high
1000631,3057121,constraint_summation,8150.0,8150.0,0,high
1000634,3057390,constraint_summation,0.0,0.0,0,high
1000634,3057395,constraint_summation,10.0,10.0,0,high
1000634,3057415,constraint_summation,1.0,1.0,2,high
1000634,3057435,constraint_summation,0.0,0.0,0,high
1000634,3057454,constraint_summation,20.0,20.0,0,high
1000634,3057458,constraint_summation,0.0,0.0,0,high
1000634,3057473,constraint_summation,0.0,0.0,0,high
1000634,3057495,constraint_summation,10.0,10.0,0,high
1000634,3057499,constraint_summation,0.0,0.0,0,high
1000634,3057500,constraint_summation,0.0,0.0,1,high
1000634,3057506,constraint_summation,1.0,1.0,0,high
1000634,3057521,constraint_summation,1.0,1.0,0,high
1000634,3057522,constraint_summation,1.0,1.0,0,high
1000634,3057529,constraint_summation,0.0,0.0,0,high
1000634,3057540,constraint_summation,10.0,10.0,0,high
1000634,3057574,constraint_summation,0.0,0.0,1,high
1000634,3057578,constraint_summation,19.0,20.0,1,high
1000634,3057587,constraint_summation,10.0,10.0,0,high
1000634,3057486,constraint_summation,0.0,0.0,1,high
1000634,3057412,constraint_summation,0.0,0.0,0,high
1000634,3057450,constraint_summation,0.0,0.0,0,high
1000634,3057452,constraint_summation,0.0,0.0,0,high
1000634,3057471,constraint_summation,20.0,20.0,0,high
1000634,3057493,constraint_summation,10.0,10.0,0,high
1000634,3057545,constraint_summation,10.0,10.0,0,high
1000634,3057559,constraint_summation,0.0,0.0,0,high
1000634,3057566,constraint_summation,0.0,0.0,0,high
1000634,3057572,constraint_summation,20.0,20.0,0,high
1000634,3057585,constraint_summation,10.0,10.0,0,high
1000635,3057687,constraint_summation,0.0,0.0,0,high
1000635,3057688,constraint_summation,10.0,10.0,0,high
1000635,3057689,constraint_summation,10.0,10.0,0,high
1000635,3057690,constraint_summation,0.0,0.0,0,high
1000635,3057694,constraint_summation,20.0,20.0,0,high
1000635,3057707,constraint_summation,0.0,0.0,0,high
1000635,3057716,constraint_summation,0.0,0.0,0,high
1000637,3057818,constraint_summation,0.0,0.0,0,high
1000637,3057822,constraint_summation,0.0,0.0,0,high
1000637,3057826,constraint_summation,21.0,21.0,0,high
1000637,3057815,constraint_summation,0.0,60.0,1,high
1000637,3057829,constraint_summation,1.0,1.0,0,high
1000642,3057927,constraint_summation,10.0,10.0,0,high
1000645,3057950,constraint_summation,200.0,750.0,1,high
1000646,3057964,constraint_summation,1.0,1.0,0,high
1000646,3057966,constraint_summation,1.0,1.0,0,high
1000647,3058009,constraint_summation,11.0,11.0,0,high
1000647,3058014,constraint_summation,0.0,0.0,0,high
1000647,3058016,constraint_summation,10.0,10.0,0,high
1000647,3058022,constraint_summation,0.0,10.0,1,high
1000647,3058025,constraint_summation,11.0,11.0,0,high
1000647,3058031,constraint_summation,11.0,11.0,0,high
1000647,3058040,constraint_summation,0.0,0.0,0,high
1000647,3058041,constraint_summation,1.0,1.0,0,high
1000647,3058042,constraint_summation,10.0,10.0,0,high
1000647,3058047,constraint_summation,0.0,0.0,0,high
1000647,3058029,constraint_summation,10.0,10.0,1,high
1000647,3058038,constraint_summation,0.0,0.0,2,high
1000647,3058011,constraint_summation,0.0,0.0,0,high
1000647,3058018,constraint_summation,1.0,1.0,0,high
1000647,3058021,constraint_summation,11.0,11.0,0,high
1000647,3058028,constraint_summation,0.0,0.0,0,high
1000650,3058483,constraint_summation,1.0,1.0,0,high
1000650,3058489,constraint_summation,0.0,0.0,0,high
1000650,3058490,constraint_summation,0.0,0.0,0,high
1000650,3058491,constraint_summation,0.0,0.0,0,high
1000650,3058492,constraint_summation,0.0,0.0,0,high
1000650,3058493,constraint_summation,0.0,0.0,0,high
1000650,3058494,constraint_summation,0.0,0.0,0,high
1000658,3058855,constraint_summation,11.0,11.0,0,high
1000658,3058862,constraint_summation,10.0,10.0,0,high
1000658,3058871,constraint_summation,0.0,0.0,0,high
1000658,3058887,constraint_summation,300.0,300.0,0,high
1000658,3058899,constraint_summation,0.0,0.0,0,high
1000658,3058903,constraint_summation,10.0,10.0,1,high
1000658,3058907,constraint_summation,0.0,0.0,0,high
1000658,3058910,constraint_summation,0.0,0.0,1,high
1000658,3058920,constraint_summation,0.0,0.0,2,high
1000658,3058923,constraint_summation,0.0,0.0,0,high
1000658,3058928,constraint_summation,0.0,0.0,0,high
1000658,3058889,constraint_summation,0.0,0.0,0,high
1000659,3058993,constraint_summation,1.0,1.0,0,high
